id;nom;prenom;mail;tel;addresse
1;"Kuq";"Rnm";Dollar architecture multi-byte;applications paradigm Functionality;XSS
2;"Kjryf";"Apsy";hard;iterate;online Account global
3;"Uauix";"Vccupjh";index Account Concrete;methodologies;Taiwan Wooden back-end
4;"Mccu";"Mc";paradigms transitional Multi-layered;parsing orange copying;encoding Cape
5;"Llyxegf";"Qcmozx";overriding migration Plastic;Electronics;Solutions
6;"Jehb";"Hjx";Market Gorgeous;back-end Cambridgeshire Cotton;wireless COM Licensed
7;"Zanpcqy";"Rep";Small;Cambridgeshire Berkshire SQL;optical
8;"Jijlkq";"Xqxm";silver;reinvent Loan;Fresh Interactions
9;"Urkj";"Ept";red SAS;Producer;alarm Soft Intelligent
10;"Rpicc";"Sibsptn";Ruble Maryland;networks cyan;Wall Morocco
